{
  "project_info": {
    "project_number": "848972319748",
    "firebase_url": "https://running-mate-67c5d.firebaseio.com",
    "project_id": "running-mate-67c5d",
    "storage_bucket": "running-mate-67c5d.appspot.com"
  },
  "client": [
    {
      "client_info": {
        "mobilesdk_app_id": "1:848972319748:android:9fb1b2425f2f5d05a3b951",
        "android_client_info": {
          "package_name": "com.example.runningmate"
        }
      },
      "oauth_client": [
        {
          "client_id": "848972319748-gsrfkb8fkgausqie6msdevnqu82ik99k.apps.googleusercontent.com",
          "client_type": 3
        }
      ],
      "api_key": [
        {
          "current_key": "AIzaSyAoGYmEJOAUJXrOiBqvhiDowGd0tUVwmgI"
        }
      ],
      "services": {
        "appinvite_service": {
          "other_platform_oauth_client": [
            {
              "client_id": "848972319748-gsrfkb8fkgausqie6msdevnqu82ik99k.apps.googleusercontent.com",
              "client_type": 3
            }
          ]
        }
      }
    }
  ],
  "configuration_version": "1"
}